sentimen,berita
1,Gubernur Edy Tutup Semua Akses Sebuah Pesantren Melarang Siswa Belajar dan Sekap Sejumlah Guru
1,Video Pernyataan Mantan Wakapolri Komjen Syafruddin akan Memecat Anggota Polri yang Terbukti Bersalah dalam Demo UU Cipta Kerja
1,Surat Mengatasnamakan Gubernur Wahidin Halim Meminta Dana Pengamanan Pilkada 2020
1,Pernyataan Buya Syafii soal Omnibus Law
1,Penjarahan ITC Roxy Mas pada saat aksi massa Omnibus Law
1,Penjarahan Thamrin City
1,Video Persiapan Pasukan untuk Menghalau Kelompok Perusuh saat Demo
1,Guru dan Ustaz Masuk Kelompok Pertama yang Terima Vaksin Covid-19 TNI dan Polri Tidak Termasuk
1,Polisi Dandani Orang Menyerupai Laskar FPI dan Dibekali Ketapel di Sekitaran Monas
1,Video Rombongan FPI Bermotor saatDemonstrasi 13 Oktober 2020
1,Pemadaman Listrik Malam Hari Siaga 1 Jelang 30 September
1,Waspada Ada Penculik Anak Menyamar dalam Kampung
1,Kabar Rencana Tawuran Besar di Gang Aut Bogor
1,Pesan WhatsApp Mengatasnamakan Pejabat Tinggi Pemprov NTB
1,Postingan Anak yang Dibuang Orang Tuanya dengan Surat
1,Foto Uya Kuya Bertanya ke Wakil Presiden Ma'ruf Amin Apa yang Dikerjakan Selama Ini
1,Dua Orang Pria Meninggal Dunia Akibat Kekerasan Polisi saat Aksi Protes Anti-Vaksin dan Anti-Masker di London
1,Gunung Salak Terbelah Menjadi Tiga
1,Video Pengiriman Sekardus Mie Instan Menggunakan Drone
1,Pesan Berantai Undian Hadiah Uang Tunaidari Telkomsel
1,Mesin EDC TrueMoney sudah Tersedia
1,Lintang Kemukus di Tuban Pertanda Bahaya
1,Tidak Ada Media Televisi yang MenyiarkanBersatunya Pendemo di Lampung
1,Kebakaran Sebuah Kafe di Malioboro karena Gas Air Mata
1,Pungli di Jalan By Pass Padang
1,Langkah untuk mendaftar Prakerja Kunjungi Situs Prakerja.vip
1,Pesan WhatsApp Bupati Sragen Galang Dana untuk Pondok dan Panti
1,GERD Picu Kematian Mendadak
1,Program Pengobatan Gratis Rumah SakitPanti Wilasa Citarum
1,Surat Panggilan Interview PT HM SAMPOERNATbk. Oktober 2020
1,Najwa Shihab Tulis Kode Minta Tolong LewatKertas saat Membawakan Acara
1,Video Eks Wakapolri soal Polisi Pukuli Pendemo
1,Foto “Pengumuman Pabrik Tidak Beroperasi”
1,Tolak Omnibus Law Mahasiswa Tabrakan Mobil Pikap ke Arah Kerumunan Polisi
1,TNI Berikan Tameng ke Peserta Demo Tolak UU Cipta Kerja
1,Maklumat KSAD untuk Siaga Aksi 20 Oktober 2020
1,Tikus Raksasa Ditemukan di Meksiko
1,Pamflet Jadwal Keberangkatan Kereta Api Nusa Ekspres
1,Bill Gates Kantongi Rp2,9 Kuadriliun dari Penjualan Vaksin Virus Corona
1,Arief Puyouno: Saya Yakin Dana Penanggulangan Covid-19 di DKI Banyak Penyimpangan Karena Gabenernya Adalah Kaki Tangan Kadrun Gila
1,Semua Keluarga Pemilik Kartu BPJS akan Dapat BLT Rp4 Juta
1,Petinggi PKI DN Aidit Keturunan Habaib
1,Vaksin Corona Asal Tiongkok Mengandung Babi
1,Penutupan Bandara dan Pelabuhan Laut di NTT
1,SMS Mengatasnamakan STMIK Royal Kisaran
1,Uang Rp75 Ribu Bisa Menampilkan Video Musik
1,Tak Ada Televisi yang Memberitakan AniesBaswedan Menerima Tiga Penghargaan dariKPK
1,WHO Sudah Restui Vaksin Covid-19 Asal China
1,Pemilik Rumah Makan Menjadi Korban Pungli Satpol PP di Pademangan Jakarta Utara Saat PSBB
1,Mengoleskan Kelapa Parut Kunyit dan Pare Bisa Hilangkan Stretch Mark
1,Foto Wakil Presiden KH Ma'ruf Amin Bergaya Ala K-Pop
1,Rutin Minum Air Putih Hangat Cegah Asma dan Kanker
1,Tim Medis Mengubur Jenazah seperti Binatang
1,Artikel Detiktravel berjudul Trans Studio Bandung Tutup Mulai Hari ini Untuk Cegah Penyebaran Virus Corona di Bandung
1,Islamic Center Padang Panjang Tak Terawat
1,Presiden Jokowi Takut Datang ke Markas PBB karena Ancaman Sniper
1,Pilkada Jangan Ditunda Pilpres Tunda 7 Tahun Lagi
1,Foto Penangkapan Direktur National Institute for Allergy and Infectious Diseases (NIAID)
1,Informasi Grup WhatsApp untuk Wilayah Covid-19 dan Pembagian Vaksin
1,Akun Facebook Mengatasnamakan Gubernur Tanjungpinang Beserta Istri
1,Pesan WhatsApp Mengatasnamakan DJP Kabupaten Pati
1,Mobil Esemka Keluaran Terbaru Siap Mengangkut Korban Covid-19
1,Nelayan Kodingareng Dimanfaatkan Walhi untuk Tolak Tambang Pasir di Sulsel
1,Tidak Diputarnya Film G30S/PKI Menunjukan Indonesia Negara Komunis
1,Facebook Larang Live Musik Mulai 1 Oktober 2020
1,Flu Membunuh 14 Kali Lipat Daripada Covid-19
1,Pesan Berantai Sultan Hamengkubuwono X Sebut Positif Negatif Corona Podowae
1,Foto Habib Rizieq Shihab Memakai Serban Berlogo Palu Arit
1,Tenggorokan Kering Meningkatkan Risiko Infeksi
1,MUI Mencantumkan Logo Halal di Asbak
1,Blog Atas Nama Akhyar Nasution Plt Wali Kota Medan
1,Bambang Trihatmodjo Buktikan Jokowi Berasal dari Keluarga PKI
1,Hadiah Uang Tunai Program Semarak Lazada 2020
1,Fatwa Hukum Kisas Dikeluarkan untuk Penyerangan Ulama
1,Donald Trump Sindir Isi Pidato Jokowi di PBB
1,Akun Facebook Mengatasnamakan Walikota Tanjungpinang
1,Usai Teror Warga di Papua OPM Siap Buru Banser
1,Bupati Bintan Janjikan Pekerjaan sebagai Honorer
1,Anies Juara Pertama Lomba Ngomong Tingkat Internasional
1,Yosi Project Pop Ketua Influencer Pendukung Pemerintah
1,Pasangan Pengantin Baru Menikah Setelah 40 Tahun Pacaran
1,Foto Anies Baswedan Masuk Peti Mati
1,Ikan Hiu Tersangkut di Tiang Listrik karena Badai Laura
1,Foto Unggahan Twitter Tempo.co Edisi Para Pendengung
1,Lazada Indonesia Lagi Ngadain Giveaway Ponsel dan Uang Tunai
1,Pembukaan Pendaftaran Peserta Transmigrasi Provinsi Kalimantan Tengah
1,Akun Facebook Mengatasnamakan Wali Kota Sibolga
1,HRS Dilaporkan Tewas Tertabrak Unta pada Acara Balapan Unta di Arab Saudi
1,Pengumpulan Massa PSHT di Kota Solo
1,Video Tokek Sepanjang 1 Meter Seharga Rp1Triliun
1,Elvy Sukaesih Meninggal Dunia karenaCovid-19
1,Pilkada Serentak Ditunda Kecuali di Solo dan Medan
1,Perempuan PKS Kampanyekan 1 Istri Tidak Cukup
1,Foto Megawati Pidato di Podium Berlogo Palu Arit
1,Peti Mati Khusus Terbuat dari Kardus Untuk Ketua KPU
1,15 Juta Pekerja Terancam Batal Terima Subsidi Gaji Rp600 Ribu
1,Foto Seorang Ayah Melarang Anak Berhijab
1,Surat SPK Pengadaan Sembako dan Bantuan Sosial Pemprov DKI Jakarta
1,Pencurian Organ Dalam Mayat Terpapar Virus Corona di India
1,Klaim Bisa Deteksi Virus Corona Covid-19 di Tubuh Tanpa Swab Test
1,Akun Instagram Mengatasnamakan Pusat Informasi dan Koordinasi Covid-19 Provinsi Jawa Barat
1,Habib Rizieq Mengeluh Tidak Kebagian Sembako
1,Kemenag Resmi Luncurkan Sertifikasi Da’i
1,Ma'ruf Amin Mengajak Orang untuk Menonton Paha
1,Pesan Berantai Dua Kelompok Besar Bentrok di Kalimalang
1,Banjir di Cicurug Sukabumi
1,Ikan Siluman Tertangkap di Laut Cina Selatan.
1,Minyak Kayu Putih Bisa Memutihkan Ketiak
1,Mata Pelajaran Sejarah Dihapus dari Kurikulum
1,Akun Facebook Bupati Bekasi Eka Supria Atmaja Meminta Sumbangan
1,Razia Masker Non Medis di Bundaran dekat SMPN 5 Kota Malang
1,Foto Bakal Calon Wabup Muratara Inayatullah Berduaan dengan Wanita di Dalam Mobil
1,Akun Facebook Mengatasnamakan Istri Gubernur Jawa Barat
1,Surat Keputusan Penundaan Pilkada 2020 Akibat Pandemi Covid-19
1,Penggunaan Masker Scuba Dilarang karena Alasan Politik
1,Tes Covid-19 di UK Adalah Bagian dari Konspirasi untuk Memanen Data DNA Biometrik Manusia
1,Prabowo Mengumpat Sebut Pendukungnya Tak Berguna
1,Lowongan Tenaga Kerja PAMSUSKA Mengatasnamakan KAI
1,Pelaku Kejahatan Penusukan Syekh Ali Jaber Mengaku Dibiayai Megawati dan PKI
1,Panggilan Tes Interview PT.Angkasa Pura I pada Tanggal 18-19 September 2020
1,“Penyerangan Syekh Ali Jaber DS: Yang Ditusuk Adem-adem Aja yang Ribut PKS HTI dan Fpi Rencana mereka Gagal Menggelikan Dehhhh...”
1,Foto Seorang yang Mengenakan Seragam Banser Sedang Bersama Seorang Wanita
1,Presiden Jadi Tim Sukses Gibran-Teguh
1,Rekaman CCTV Penampakan Tuyul di Depan Konter HP
1,Istri Sekda DKI Jakarta Kritis dan Dirawat diICU
1,Dunkin Donuts Mengadakan Program Bagi Donat Gratis
1,Foto Anies Baswedan Muncul di Film Warkop DKI
1,Pesan Berantai Ibu Bupati Sleman Adakan Razia Masker
1,Pesan Whatsapp Ade Agus Hartanto Ketua Komisi I DPRD Riau Tawarkan Lelang Mobil
1,Ali Mochtar Ngabalin Dibaiat di Gereja
1,Surat Keterangan Berlaku Lagi untuk Warga yang Keluar-Masuk Makassar
1,Merdeka.com : Rame-Rame Berburu Kambing Hitam Syekh Ali Jaber dengan Kelompok Teroris
1,Video yang Diklaim Gambarkan Mayat Korban Covid-19 di Rusia
1,Pesan Berantai Cara Mendapat Kuota Gratis dariProvider Internet
1,Larangan Berkeliaran di Luar Rumah BagiRemaja di Kulon Progo
1,Undangan Deklarasi KAMI Jawa Timur
1,Akun Facebook Mengatasnamakan Bupati Landak
1,Akun Facebook Pemimpin Umum Majalah Rantau Dedi Candra Rosma Yulfa
1,Operasi Penegakan Protokol Kesehatan di Kota Malang
1,Nomor Whatsapp Mengatasnamakan Kepala BKN Bima Haria  isana
1,Pesan Berantai WhatsApp Mengatasnamakan Istri Bupati Siak Akan Razia Siswa yang Berkeliaran
1,Pernyataan Menteri Kesehatan Terawan Agus Putranto
1,Antrean Ambulance Masuk Wisma Atlet karena Semua Ruangan Penuh
1,Polisi Rekrut Preman untuk MenegakkanProtokol Covid-19
1,Foto Wisuda 4 Ribu Siswa di Sarajevo
1,Foto AFRICA vs AFRICA in American Movies”
1,Breaking News Pesantren Alquran Terbakar 28 Santri Dan Guru Meninggal Dunia Semoga Yang Gugur Dalam Pesantren Tersebut Husnul Khotimah
1,Ustadz di Bogor Meninggal Setelah Dikeroyok
1,Foto “Akhirnya Syekh Ali Jaber terbang pulang ke Madinah”
1,Rekrutmen Pegawai PLN untuk Lulusan SMA hingga S1 Tahun 2020
1,Akun Facebook Mengatasnamakan Anggota Polres Trenggalek
1,44 Karyawan PT. Bakrie Autoparts Positif Corona
1,Jokowi : Tidak Perlu Di besar besarkan Penusukan Ustad Ali Djaber Itu Kriminal Biasa. Ustad Juga Ndak Sampai Mati
1,Undangan Peresmian Jalan Tol Pekanbaru-Dumai
1,Minum Minuman Energi Berlebihan Sebabkan Lubang Besarpada Tengkorak Kepala
1,Pelaku Penusukan Syekh Ali Jaber Memegang Bendera Tauhid Berwarna Hitam
1,Indonesia Jadi Negara dengan Kasus Covid-19 Terbanyak
1,Foto Pelaku Penusukan Syekh Ali Jaber sudah Bebas Bersyarat
1,Presiden Belarus Klaim IMF Tawarkan Suap untuk Pembatasan Covid-19
1,Selama Covid-19 Ada Tidak Ada Orang Gila yang Kena Covid-19
1,Din Syamsuddin Mau Geser Ma'ruf Amin
1,Polisi Sumba Timur Turun ke Jalan Larang Warga Beraktivitas
1,Akun Facebook Mengatasnamakan Ketua DPRD Mimika
1,Video Pesepeda Masuk Tol karena Usulan Anies Dikabulkan
1,Denda PSBB di Kota Cilegon
1,KPK OTT Anies Baswedan
1,Fasilitas Kesehatan di Bekasi Tak Bisa Tampung Lagi Pasien Covid-19
1,Bagi-bagi Data Internet 200 GB dari Tokopedia
1,Hasil Survei PolMark Pilwali Makassar
1,Kunyit Putih hingga Gula Batu Bisa Sembuhkan Kanker Payudara
1,Informasi Area yang Sudah Terdeteksi Pandemi Covid-19 di Wilayah Balikpapan
1,PSBB Jakarta Jilid II Bagian dari Skenario Desak Presiden Jokowi Mundur
1,Menag Sebut Penusukan Syeikh Ali Jaber Kriminal Biasa
1,Semburan Lumpur di Kranggan Bekasi
1,Foto Pelaku Penusukan Syekh Ali Jaber dengan Bendera PKI
1,Foto Arteria Dahlan Mendadak Gunakan Baju Koko setelah Identitasnya Terbongkar
1,Akun Palsu Mengatasnamakan Wali Kota Tanjungbalai H.M Syahrial
1,Wanita di Inggris Tewas Tertusuk Urin Beku
1,Foto Anies Mendapat Piala Juara Satu Corona
1,Daftar Nama Penerima Bantuan UMKMKabupaten Mempawah
1,IGD Rumah Sakit Blambangan BanyuwangiTidak Terima Pasien
1,Mengobati Luka Bakar dengan Es Batu
1,Meludahi Benih Tanaman Dapat Merestrukturisasi DNA Mereka
1,Pedangdut Aty Kodong Meninggal Dunia
1,Surat Pengangkatan CPNS Mengatasnamakan BKN di Pemkab Sampang
1,Akun Facebook Mengatasnamakan Cabup Kepulauan Meranti
1,Foto Menteri Agama di Kabinet Jokowi sebagai Pendeta Kristen
1,Ibunda Cak Nun Meninggal
1,Informasi Daftar Pasien Klaster Warung Makan Bu Fat Mengatasnamakan Dinkes Kota Semarang
1,Foto “Telah ditemukan situs peninggalan Prasejarah dimasa Raja Firaun”
1,CEO Netflix Ditangkap dengan Tuduhan Pornografi Anak
1,Foto Peta Penyebaran Covid-19 di Jakarta Berwarna Hitam dan Merah
1,Badak Makhluk Bulan Hewan Ini Sudah 50 Tahun Menetap di Bumi
1,Postingan Meminta Tolong dan Rela Dijadikan Istri
1,Akun Twitter Rektor IPB
1,Akun Facebook Mengatasnamakan Bupati Bengkulu Selatan Gusnan Mulyadi
1,Bantuan Sosial Mengatasnamakan Bupati Jepara
1,Bayi di Blora Meninggal karena Harus Rapid Test
1,Foto Seorang Ayah Sebrangkan Anaknya di Sungai Agar Bisa Pinjam HP Temannya untuk Sekolah Online
1,Relawan Menjadi Positif Covid-19 Setelah Disuntikan Vaksin Sinovac China
1,Anies Baswedan Mengendarai Mobil Model Peti Mati
1,TNI Akan Polisikan Pengunggah Video Tank Tabrak Gerobak Pakai UU ITE
1,Rumah DP 0% Berbentuk Peti Mati
1,Foto Anak Kecil Menulis Keluhan ke PresidenJokowi di Papan Tulis
1,Kanker Testis Bisa Dideteksi dengan Alat Tes Kehamilan
1,Imbauan Warga Jakarta Tidak Keluar Rumahkarena Akan Dilakukan Rapid Test di Mall dan Pasar
1,Jokowi Minta Semua Gubernur Tiru Kerja Keras Anies Baswedan
1,Minum Air Rebusan Serai Jeruk dan Teh Bisa Turunkan Berat Badan dalam Waktu Singkat
1,Bupati Lumajang Beri Bantuan Lewat Whatsapp
1,Tangkapan Layar Obrolan WhatsApp ChristianyEugenia Paruntu (CEP)
1,Wisma Atlet Mencekam dan Semua Ruangan Penuh Pasien Covid-19
1,Rapid Test Perjalanan Dicabut
1,RI Larang WNA Masuk Saat Corona kecuali TKA China
1,Ledakan Kasus Corona di Kudus Mencapai 1,210 Kasus
1,Qari Internasional Asal Papua
1,Donald Trump Sebut Jokowi Presiden Terbaikdi Dunia
1,Anies Terima Piagam DKI Jadi Provinsi Covid-19Tertinggi
1,Beberapa Negara Beli Alat Tes Virus Coronasejak 2017 dan 2018
1,Gambar yang menampilkan Percakapan Habib Rizieq dan Tengku Zulkarnain
1,Panggilan Interview Karyawan PT. Garuda Indonesia 08 September 2020
1,Pesan Singkat Hadiah Rp175 Juta dari Shopee
1,Kakeknya Arteria Dahlan PKI
1,Nama Wakil Bupati Pasuruan Masuk Tim Sukses Pemenangan Gus Ipul
1,Akun Facebook Arthur Waroka Minta Uang Hingga Pulsa ke Warga
1,Foto Jack Ma Waktu Kecil
1,Ratusan Warga di Tiap Kecamatan Kota Serang Positif Covid-19
1,Melihat Papua dan Aceh Sejahtera Timor LesteIngin Gabung dengan Indonesia
1,Akhirnya Jokowi Selesai Buat Tol Laut
1,Putra Sulung Presiden Gibran akanMembebaskan Palestina dari Israel
1,Akun Palsu Haji Martinus Bakal Calon Walikota Banjarbaru
1,Surat Menteri PANRB Terkait Penerimaan Catar Poltekip dan Poltekim
1,Tenaga Medis Terpapar Covid-19 di Puskesmas Baamang 1
1,Kabar PDIP Bubar Kader Pindah PSI
1,Meningkatkan Peluang Hamil dengan Mengkonsumsi Buah Zuriat
1,Instagram Membatasi Hanya 10% Pengikut yang Bisa Melihat Postingan
1,Lebah Tidak Bisa Terbang
1,Video Tes Menahan Napas untuk Membantu Analisa Covid-19
1,Penampakan Mobil Ghoib Esemka
1,Harimau Kurus Tidak Diberi Makan di Kebun Binatang Maharani Lamongan
1,Video Demo Covid-19 di Polandia yang Tuntut Pandemi Diakhiri
1,Peta Kota Bandung Nyaris Zona Hitam
1,Peneliti Australia Sebut Jokowi sebagai Presiden Tanpa Kemampuan
1,Foto Penampakan Badan Setelah Tersambar Petir
1,Foto Presiden Jokowi Masuk Peti Mati
1,Kontes Jin Terkait dengan Kebakaran Gedung di Kejaksaan Agung
1,Virus Corona Sengaja Disebar oleh Dokter Tenaga Medis dan Apoteker
1,Akun Twitter Tommy Soeharto
1,Devils Tower Adalah Pohon Purba Raksasa
1,Pernyataan Maruarar Sebut Orang yang Tak Pilih Jokowi Bodoh dan Gila
1,Kebakaran Gedung Kejaksaan Agung Pemutihan Perkara
1,Foto Penampakan Sosok Berbaju Putih di Gedung Kejaksaan Agung yang Terbakar
1,Anies Batalkan Pemasangan Masker di Patung Jendral Sudirman karena Dianggap Tidak Waras oleh Warga
1,Video Makanan Asli dan Palsu Buatan China
1,Vietcong Belajar Taktik Gerilya dari Indonesia
1,CCTV Kejagung Ikut Terbakar Hangus
1,Makan Telur Rebus Tengah Malam DapatMencegah Covid-19
1,Gedung Kejaksaan Terbakar Menko Marves Luhut Minta 'Pemutihan' Sejumlah Koruptor
1,Akun WhatsApp Mengatasnamakan Sekda Kabupaten Kepulauan Selayar
1,Berkas - Arsip Perkara Hukum Hangus Dalam Kebakaran Gedung Kejaksaan Agung
1,Jokowi Sudah Gagal Dan Tidak Bisa Jadi Presiden Lagi Jutaan Rakyat Akan Memaksa Angkat Kaki
1,Foto Penampakan Tiga Orang yangMenggantung Anggota TNI di Pohon
1,Minum Kopi Dengan Jeruk Nipis Dapat Meredakan Migrain
1,Demokrat: Habib Rizieq ada di Arab kenapa tak dirikan khilafah di sana? Beraninya Cuma di Indonesia Saja Dasar Provokator
1,Penggunaan Obat Trombolisis di RSPON Tidak Bisa Lebih dari 4 Jam Setelah Kejadian Stroke
1,Formulir Online Pendaftaran Kartu Indonesia Pintar
1,Dokumen WHO Terkait Anjuran Tidak Menggunakan Masker Selama Pandemi Covid-19
1,Foto Para Pekerja China akan Melakukan Cuti
1,35 Guru Meninggal Akibat Covid-19 di Surabaya
1,Foto Sri Mulyani Berjilbab “Kode pilkada sudah dekat Atau tagihan sudah jatuh tempo”
1,Puluhan Orang India Berjoget Merayakan Mendagri India Positif Covid-19
1,Pernyataan Jokowi Pertumbuhan Ekonomi Indonesia Terjun Bebas Tidak Diberi Utang Lagi
1,Gaji Tambahan dari Jokowi Berupa Mata Uang Yen
1,SMS Mengatasnamakan Pimpinan Dosen dan Karyawan Universitas AMIKOM Yogyakarta
1,Facebook Bagi-bagi Kuota Internet Gratis Bagi Para Penggunanya
1,Virus Corona Covid-19 Dibuat di Lab Militer Partai Komunis China
1,Mahasiswa Bayar Uang Pangkal di Undip Rp 87 Miliar
1,Instruksi KemenBUMN Angkat Advisor Gaji Rp 40 Juta
1,Potret Presiden Jokowi Mengukur Baju Karya Desainer Ivan Gunawan
1,alan Layang Tol Cikampek Bergelombang Gara-Gara Digunakan Untuk Uji Coba Esemka Ribuan Unit
1,Pesawat Jatuh di Tol Banyumanik
1,Busana Jokowi Terinspirasi dari Cerita Fiksi
1,Foto Uang 212 Bergambar Perempuan Bercadar
1,Prabowo Subianto Peringatkan Gatot Nurmantyo Jangan Bikin Kisruh Indonesia
1,Akun Facebook Wakil Ketua I DPRD Kota Parepare Tasming Hamid (TSM)
1,Tagihan Biaya Asuransi Mengatasnamakan JNE
1,TNI Siap Ambil Alih Kekuasaan karena Jokowi akan Dimakzulkan
1,Putri Presiden Vladimir Putin Meninggal setelah Suntikan Kedua Vaksin Covid-19
1,Lukisan Tahun 1962 Ini Telah Ramalkan Kehidupan pada 2022 Usai Pandemi Covid-19
1,Negara Arab Merupakan Negara yang PalingAwal Mengakui Kemerdekaan RI
1,Seorang Pria Buang Uang Rp 300 Juta di JalanRaya
1,Akun Facebook Mengatasnamakan Wakil DPRD Sulawesi Utara
1,Poster Habib Rizieq Dibakar Seluruh Anggota FPI Kebal Bacok dan Kami Siap Perang
1,KPK Gelar Lomba Petak Umpat Peringati HUT RI ke-75
1,Akun Mengatasnamakan Mantan Gubernur Kepri Meminjam Uang
1,Penukaran Uang Pecahan Rp75 Ribu untuk Bayar Utang Negara
1,Bahan Baku Uang Kertas Dollar Amerika dari Serat Pohon Pisang Abaka
1,Video Pesta Kembang Api Merayakan Tahun Baru Islam 1442 Hijriah
1,Video Kelompok Wanita Berhijab Injak Bendera Merah Putih Demi Konten TikTok
1,Burj Khalifa Dihiasi Bendera Israel untuk Merayakan Perjanjian Damai Israel dan Uni Emirat Arab
0, 17:13        Ramp Check Pesawat Diintensifkan Hingga
0, 16:36        Pelindo I Sambut Kapal Perdana yang Bersandar di Tahun 2019 
0, 16:00        Libur Tahun Baru Setengah Juta Orang Pergi Keluar Negeri  
0, 14:28        Jumlah Penumpang saat Natal dan Tahun Baru di Pelabuhan Tanjung Perak Naik 6416 Persen 
0, 13:38        10 Orang Terkaya di Dunia Versi Bloomberg Billionaire Index 
0, 13:30         2019 AP II Incar Kelola Bandara di Negara Lain 
0, 13:03        Sambut 2019 Sri Mulyani Bicara soal Suntikan ke BPJS Kesehatan  
0, 12:39        Sepanjang 2018  Bandara AP II Layani 115 Juta Penumpang  
0, 12:16        Utang Ratusan Miliar Rupiah Wim Cycle Ajukan PKPU 
0, 09:26        Penerimaan Negara 2018 Lebihi Target Defisit Terkecil Sejak 2012 
0, 08:23        Refleksi 2018 Sri Mulyani Kenang 21 Jajarannya Jadi Korban JT-610 
0, 06:06        Ini 10 Berita Ekonomi yang Paling Banyak Dibaca Tahun 2018 
0, 05:53        Korsel Larang Supermarket Gunakan Kantong Plastik  
0, 20:17        Sepanjang 2018 Inflasi DKI Jakarta 327 Persen 
0, 19:42        Penerimaan Pajak Tak Capai Target Tapi Bea dan Cukai Sebaliknya 
0, 18:53        Target Pemerintah soal Jumlah Wisman Tak Tercapai Ini Sebabnya 
0, 18:45        Tahun Ini Angkasa Pura I Targetkan Pendapatan Rp 10 Triliun 
0, 18:30        Ada Asian Games dan Pertemuan IMF-Bank Dunia Kunjungan Wisman Naik 1163 Persen 
0, 18:10        Sepanjang 2018 Angkasa Pura I Layani 965 Juta Penumpang 
0, 17:55        Defisit Anggaran dan Keseimbangan Primer 2018 Terkecil Sejak 2012 
0, 17:30        KEIN: Rata-rata Inflasi Bahan Makanan 5 Tahun Terakhir Turun 36 Persen 
0, 17:12        OJK Minta Perbankan Tak Buru-buru Respon Kenaikan Bunga Acuan 
0, 16:47        Lebihi Target Penerimaan Negara Tahun 2018 Tembus Rp 1.9423 Triliun 
0, 16:40        Menko Darmin Tekankan Pentingnya Integritas di Pasar Modal 
0, 16:14        Lini Bisnis Ditutup BEI Pantau First Media 
0, 16:02        Pengguna Pesawat Turun saat Libur Natal dan Tahun Baru 2018 
0, 15:16        Menko Darmin Yakin Inflasi 2019 Bisa Dikendalikan 
0, 14:42        Tutup Tahun 2018 100 Persen Desa di NTB Telah Dialiri Listrik 
0, 14:15        Pertamina EP Targetkan Produksi Minyak di Pangkalan Susu Field 1.000 Barrel Per Hari 
0, 14:00        Jangan Lupa Mulai Hari Ini Layanan OSS Pindah ke Kantor BKPM 
0, 13:49        Dirut Mandiri Prediksi BI Naikkan Suku Bunga 2 Kali Tahun Ini 
0, 13:30        Darmin: Pertumbuhan Ekonomi Indonesia Terjaga di Tengah Perang Dagang 
0, 13:15        Awal Tahun 2019 Harga Minyak Dunia Anjlok 1 Persen 
0, 12:53        Harga BBM dan Beras Punya Andil Besar terhadap Inflasi 2018 
0, 12:45        Jika Pemilu Lancar Bos Mandiri Optimistis Likuiditas Perbankan Membaik 
0, 12:24        Inflasi Desember 2018062 Persen Dipicu Harga Telur dan Daging Ayam 
0, 11:30        Menko Darmin: Optimisme Harus Punya Dasar 
0, 11:05        Kuartal IV 2018 Pertumbuhan Ekonomi Singapura Hanya 2,2 Persen 
0, 10:29        Gunung Anak Krakatau Berstatus Siaga Pelayaran di Selat Sunda Diminta Waspada  
0, 10:01        Perdagangan Perdana 2019 IHSG Bergerak Menguat Tipis 
0, 09:35        Realisasi APBN 2018 Pecahkan Rekor? 
0, 09:31        Tahun Ini Waskita Beton Precast Targetkan Laba Naik 10 Persen 
0, 08:52        Menyambut January Effect Ini Sektor Saham yang Patut Dicermati 
0, 08:05        Bisnis Perusahaan Nuklir Bill Gates Terhambat Perseteruan AS-China 
0, 07:10        Selama 2018 Mayoritas Anggaran ESDM Dibelanjakan untuk Infrastruktur 
0, 06:45        Berita Populer Ekonomi: Grab Dihukum Bayar Kompensasi di Vietnam 
0, 06:30        10 Negara Paling Inovatif di Dunia 
0, 05:50        Risiko Masih Tinggi Ini Portofolio yang Bisa Menjadi Pilihan Investasi 
0, 05:14        Sepanjang 2018 Pelni Angkut 36 Juta Penumpang 
0, 22:50        Perilaku Masyarakat Gunakan Kantong Plastik Dipandang Harus Berubah 
0, 22:48        ESDM Bangun 434 Penerangan Jalan Tenaga Surya di Manggarai Barat 
0, 22:02        Hingga Maret 2019 Pemerintah Pastikan Tarif Listrik Tidak Naik 
0, 21:46        Semester I BRI Akan Terbitkan Obligasi Rp 20 Triliun 
0, 21:07        BRTI Blokir Nomor Telepon Terindikasi Penipuan 
0, 20:38        Gandeng Alipay BRI Garap Turis Asal China 
0, 20:21        Pertamina Teken Kontrak Jual Beli dengan 11 KKKS Impor Minyak Bisa Berkurang 
0, 19:48        Merpati Airlines Ingin Ada Pergerakan Tahun Ini 
0, 19:18        Bakal Akuisisi Perusahaan Asuransi BRI Siapkan Rp 15 Triliun 
0, 18:48        Apa Resolusi Bill Gates di Tahun 2019?  
0, 18:38        Tahun Baru Konsumsi Avtur di Bandara Komodo Justru Turun 
0, 18:22        Rombak Direksi BRI Angkat Kembali Sunarso Jadi Wakil Direktur Utama 
0, 17:21        Inflasi Rendah Rupiah Ditutup Menguat 
0, 17:08        Akhir 2019 Dana Hasil Tax Amnesty Bisa Tinggalkan RI Pemerintah Tak Khawatir 
0, 17:00        Jika Kartu NPWP Hilang Begini Cara Mengurus yang Baru 
0, 16:40        BPJS Kesehatan Wajibkan Faskes Miliki Sertifikat Akreditasi 
0, 16:28        Tahun Ini KNKS Akan Kembangkan Keuangan Syariah dan Industri Halal 
0, 16:00        Ingin Sukses dalam Karier Ikuti 7 Tips Ini di Tahun 2019 
0, 15:56        Penawaran SBR005 Mulai 10 Januari 2019 Minimal Pesanan Rp 1 Juta 
0, 15:31        Jasa Marga: Sewa Tempat di Rest Area Tol Trans Jawa Mulai Rp 150.000 Per Meter 
0, 15:00        Lima KA Dicabut Subsidinya PT KAI Tak Naikkan Harga Tiket 
0, 14:34        Pemerintah Ingin Sektor Riil Jadi Tulang Punggung Keuangan Syariah 
0, 14:15        Subsidi Dicabut Tarif 5 KA Ekonomi Ini Tidak Naik 
0, 13:38        Menteri Bappenas Minta Pejabat KNKS Langsung Kerja Full Usai Dilantik 
0, 13:16        Tahun 2018 Jumlah Korban Kecelakaan Pesawat Global Naik Tajam 
0, 13:01        Ingin Jadi Pusat Ekonomi Syariah Global Ini PR Indonesia 
0, 12:46        Ada Potensi Korupsi Menkeu Hati-hati Kucurkan Dana Penanganan Bencana  
0, 12:37        Qatar Airways Beli 5 Persen Saham China Southern Airlines 
0, 12:30        6 Resolusi Anti Basi di Era Disrupsi 
0, 12:08        Sri Mulyani Sabet Financial Minister of The Year 2019 
0, 11:45        Bulog Klaim Berhasil Stabilkan Harga Pangan Selama 2018 
0, 11:29        Kepala Bappenas Lantik Pejabat Komite Nasional Keuangan Syariah 
0, 11:00        Terapkan Resolusi Ini di Tahun 2019 Agar Kariermu Melesat 
0, 10:30        Nilai Tukar Rupiah Stabil Kunci Jaga Inflasi Tahun 2019 
0, 10:15        Menkeu Tanggapi Curhat Sutopo soal Turunnya Anggaran Mitigasi Bencana 
0, 10:01        Cukai Rokok Sumbang Rp 153 Triliun ke Kas Negara pada 2018 
0, 09:30        Jumlah Penumpang Pesawat Saat Libur Natal dan Tahun Baru 2019 Turun 
0, 09:03        Kenaikan UMP Diprediksi Picu Naiknya Inflasi Jakarta 2019 
0, 08:27        BI Sebut Inflasi Sepanjang 2018 Terjaga dalam Sasaran Inflasi 
0, 08:00        Timses Prabowo-Sandi Tantang Sri Mulyani Transparan soal Melonjaknya Dana Hibah 
0, 07:30        7 Fakta APBN 2018 dari Hibah yang Meroket hingga Bengkaknya Subsidi  
0, 07:04        Penjualan di China Diprediksi Turun Saham Apple Turun Tajam 
0, 07:01        Berita Populer Ekonomi: Negara Paling Inovatif di Dunia 
0, 06:29        Kondisi Ekonomi Indonesia Tahun 2019 Diprediksi Membaik 
0, 06:15        Perdagangan Perdana 2019 Wall Street Menguat Tipis 
0, 05:50        Pajak Tak Capai Target Sri Mulyani Harap Dunia Usaha Lebih Patuh  
0, 05:14        Kinerja Bitcoin Diprediksi Cerah di 2019 
0, 22:36        Pertamina Turunkan Harga Pertalite Pertamax hingga Dex         
0, 22:25        Menhub Targetkan Reaktivasi Dua Jalur KA Rampung Tahun Ini 
0, 22:02        Jonan: Harga Premium dan Solar Tidak Naik 
0, 21:37        Rini Tunjuk Mantan Direktur BRI Jadi Dirut Pegadaian 
0, 21:02        Jonan Sebut Harga Listrik Tidak akan Naik hingga Akhir 2019 
0, 20:30        Ini Alasan Menhub Pangkas Dana Perawatan dan Pengoperasian Kereta Api 
0, 20:16        Waskita Jajakan 5 Ruas Tol ke Investor Asing 
0, 20:00        Pemerintah Tambah Subsidi untuk Pengoperasian KA Perintis 
0, 19:50        Waskita Karya: Tiga Proyek Utama Ditargetkan Rampung Tahun Ini 
0, 19:17        Gandeng BUMN Karya Krakatau Steel Incar Perusahaan Baja Lokal 
0, 19:03        Ini Tarif Tambahan Lion Air Setelah Layanan Bagasi Gratis Dicabut 
0, 18:38        Subsidi Energi Membengkak Ini Penjelasan Jonan 
0, 18:14        Menpan RB: Reformasi Birokrasi Ubah Zona Nyaman Pemerintahan Jadi Berkelas Dunia 
0, 17:43        Tinggalkan Diesel PLTMG Flores Akan Gunakan Gas Mulai April 2019 
0, 17:33        Geger Dugaan Kerja Paksa Berapa Sebenarnya Gaji di Taiwan? 
0, 17:22        Polemik Caption Pesanan dari Gimmick hingga Karakter Diri 
0, 17:12        Gubernur BI Optimistis Risiko Perekonomian Global Tak Setinggi 2018 
0, 17:02        Pemerintah Pangkas Dana Perawatan dan Pengoperasian Kereta Api 
0, 16:56        Penumpang Lion Air dan Wings Air Kini Harus Bayar Bagasi 
0, 16:30        Realisasi PNBP Sektor ESDM Tahun 2018 Lampaui Target 
0, 16:15        Ada Kabar Mahasiswa RI Dipaksa Tutup Mulut Ini Kata Pemerintah Taiwan 
0, 15:56        Taiwan Tuding Agen Tenaga Kerja Sebar Isu Kerja Paksa Mahasiswa Indonesia 
0, 15:24        BI Prediksi Inflasi Awal Tahun Rendah 
0, 15:00        Pertamina EP Cepu Bangun Pabrik Gas di Lapangan JBT Bojonegoro 
0, 14:30        Pemerintah Taiwan Bantah Ratusan Mahasiswa Indonesia Jalani Kerja Paksa 
0, 14:26        Gubernur BI Sebut 2 Alasan Rupiah Menguat Signifikan Hari Ini 
0, 13:51        Ini Kebijakan Fiskal yang Akan Diusung Prabowo-Sandiaga 
0, 13:26        Perang Dagang Trump Mulai Memukul AS Sendiri 
0, 13:02        AS dan China Gelar Perundingan Perdagangan di Beijing Pekan Depan 
0, 12:38        Bidik Milenial Uang Kripto Cyronium Gandeng Start-up Pemesanan Hotel 
0, 12:35        Rugi 6 Tahun Berturut-turut Krakatau Steel Gencar Restrukturisasi 
0, 12:20        Stop Benci Pekerjaan Anda dengan 5 Cara Ini 
0, 11:47        2018 Kapitalisasi Pasar Microsoft Tertinggi di Dunia 
0, 10:44        Rupiah Menguat Tipis di Awal Perdagangan Jumat 
0, 10:35        Keluar dari Uni Eropa Resesi Inggris di Depan Mata? 
0, 10:00        5 Cara Sederhana Menjadi Lebih Cerdas Finansial di 2019 
0, 09:10        6 Cara Tepat Ajukan Kenaikan Gaji Tahun Ini 
0, 08:17        Wamen ESDM Minta Warga Manggarai Barat Jaga Lampu Jalan Tenaga Surya 
0, 08:08        2018 Pendapatan Disney dari Box Office Tembus 7,3 Miliar Dollar AS 
0, 07:07        Jasa Penulisan Caption Medsos Upaya Penuhi Kebutuhan Engagement 
0, 07:00        Produk Mewah Mulai Terimbas Perlambatan Ekonomi China 
0, 06:30        Berita Populer: Timses Prabowo-Sandi Tantang Sri Mulyani 
0, 06:30        Bangun Jalan Tol Tambah Beban Utang Negara? Ini Faktanya  
0, 06:26        Saham Anjlok Nilai Perusahaan Apple Jauh dari 1 Triliun Dollar AS 
0, 06:10        Jasa Pembuatan Caption Zarry Hendrik Bisnis Unik Merangkai Kata 
0, 05:54        Erick Thohir: Ekonomi Indonesia Akan Terus Tumbuh 
0, 05:12        Merpati akan Pakai Pesawat Buatan Rusia di Indonesia Timur 
0, 18:14        Soal Aturan Ojek Online Go-Jek Tunggu Undangan Pemerintah  
0, 15:37        Pengenaan Tarif Bagasi Lion Air Group Belum Dapat Persetujuan Kemenhub 
0, 14:46        Ini Garis Besar yang Ada dalam Aturan Ojek Online Menurut Kemenhub 
0, 14:12        Menhub Cek Kebijakan Lion Air Group yang Kenakan Tarif untuk Bagasi 
0, 14:01        Menhub: Aturan Ojek Online Mencakup Kepastian Pendapatan Pengemudi 
0, 12:15        Riset Buktikan Millenial Adalah Perencana Keuangan Terbaik  
0, 10:01        Cerita Mantan Mahasiswa Indonesia di Taiwan Kaget Mendengar Isu Kerja Paksa 
0, 09:51        Hambat Serapan Beras Pemerintah Perlu Evaluasi Penerapan HPP 
0, 09:05        Gubernur The Fed Tidak Akan Mundur Meski Didesak Trump 
0, 07:35        Harga BBM Nonsubsidi Turun Ini Daftarnya 
0, 07:10        Tujuh Fakta atas Opini PKS soal Ekonomi Indonesia 
0, 07:04        Bagaimana Aturan Kerja Mahasiswa Indonesia di Taiwan? 
0, 06:39        Dengan Pembangkit Listrik Tenaga Gas PLN Bisa Hemat Ongkos Produksi 
0, 06:07        Reaktivasi Jalur KA Banjar-Pangandaran Ini Kata Menhub 
0, 21:38        Wings Air Buka Rute Baru dari Bandara Kertajati ke Yogyakarta 
0, 21:31        Perusahaan Logistik Ini Tawarkan Pengiriman dalam Hitungan Menit 
0, 19:08        Kemenhub Usulkan Ada Bus Trans Java Ini Komentar Organda 
0, 15:34        Start-up Ini Ingin Gencarkan Arisan Online 
0, 13:55        8 Rahasia Sukses Bos-bos Besar di Indonesia 
0, 13:22        Ini Beda Laki-laki dan Perempuan Milenial Saat Cari Kerja 
0, 13:11        Kisah Lea Jeans di Tangan Generasi Kedua 
0, 12:19        Tips agar Bisa Jawab Pertanyaan saat Wawancara Kerja 
0, 11:03        Cumi Startup Besutan Christian Sugiono yang Terinspirasi Mainan Anaknya 
0, 09:42        Termahal Sedunia Seekor Ikan Tuna Terjual Rp 44,9 Miliar 
0, 08:53        Pekerjaan Apa yang Membuat Anda Bahagia? Cek Ini 
0, 07:57        Berita Populer Sepekan: Lion Air Cabut Layanan Bagasi Gratis hingga Harga Pertamax Cs Turun   
0, 23:33        Penghargaan Bisnis Berkelanjutan Libatkan 60 Perusahaan 
0, 22:01        Ini 5 Daerah dengan Pertumbuhan Transaksi Tertinggi di Go-Food 
0, 21:30        Kemenhub Akan Temui Organda Bahas Bus Trans Java 
0, 21:17        Pemerintah Buka Keran Impor Jagung 30.000 Ton  
0, 21:15        BI Akan Awasi Transaksi e-Commerce Antarnegara 
0, 21:02        8 Kapal di Lintas Merak-Bakaheuni Masih di Bawah 5.000 GT 
0, 20:45        Sri Mulyani Anggap Kritikan Bank Dunia  soal Infrastruktur sebagai Masukan yang Baik  
0, 20:20        Staf Khusus Darmin Nasution Pegang Kendali BP Batam di Masa Transisi 
0, 19:59        Jadi Favorit Paket Ayam Nyaris Dipesan 10 Juta Kali di Go-Food 
0, 19:30        Kemenhub Tunda Pemberlakuan Kewajiban Kapal Minimal 5.000 GT di Merak-Bakaheuni  
0, 19:03        Himbara Pertamina dan Telkom Godok Sistem Pembayaran dengan QR Code  
0, 19:02        Gubernur BI Lantik 8 Pejabat Baru 
0, 18:55        Data Terintegrasi Arus Devisa Hasil Ekspor Bisa Dipantau secara Real Time 
0, 18:45        Kapal Buatan China Akan Layani Penyeberangan Merak-Bakauheni 
0, 18:30        Bank Mandiri Gencarkan Bisnis di Segmen Menengah 
0, 18:12        Tak Bawa Pulang Devisa Hasil Ekspor Sanksi Menanti Pengusaha 
0, 17:50        Bank Mandiri Tunjuk Direktur Komersial Baru  
0, 17:35        Waspadai Modus Penipuan Tanyakan Nomor OTP kepada Nasabah BCA 
0, 17:33        Tahun Ini Makanan Sehat dan Unik Bakal Banyak Dipesan Lewat Go-Food 
0, 17:02        Paket Ayam dan Gorengan Makanan Paling Banyak Dipesan Lewat Go-Food 
0, 17:00        Terungkap Zodiak Ini Paling Banyak Hasilkan Miliarder 
0, 16:55        Gempur Peredaran Barang Ilegal Ini Strategi Bea Cukai  
0, 16:05        Sistem Manifest Generasi III Pangkas Dwell Time Hampir Sehari  
0, 15:35        Targetkan Ekspor 2019 Lebih Tinggi Ini Strategi Kemendag 
0, 15:35        5 Fakta Pencabutan Bagasi Gratis Lion Air dan Wings Air 
0, 15:22        Mulai Hari Ini Jepang Terapkan Pajak untuk Turis 
0, 15:21        Menguat ke Rp 14.090 Per Dollar AS BI Nilai Rupiah Masih Undervalued 
0, 15:13        Terapkan Sistem Manifest Generasi III RI akan Lebih Dipandang Dunia  
0, 15:00        CIMB Beri Cuti Hamil 6 Bulan untuk Pegawai yang Sambut Anak Pertama 
0, 14:56        IATA: Tak Heran Sri Mulyani Jadi Menteri Keuangan Terbaik...  
0, 14:48        Faktor Eksternal Jadi Penyebab Garangnya Rupiah Hari Ini 
